"Species","Nesting","inner.mean","outer.mean","inner.sd","outer.sd"
"Cop_for","CP",10.174,49.5996,8.18919980941475,8.20111302970066
"Hod_sjo","MP",2.0256,57.7626666666667,3.49998514811664,3.53070722639509
"Neo_sug","OP",24.0036,34.9038666666667,11.3273624353042,11.2966819399261
"Odo_for","CP",7.64026666666667,51.9628,4.52076033428007,4.6598742909447
"Zoo_nev","OP",16.4301333333333,42.9798666666667,6.71834087763848,6.2915748690875
