"Species","Nesting","mean_mean_speed_all","mean_sd_speed_all","mean_mean_speed_norm_all","mean_sd_speed_norm_all"
"Cop_formosanus","CP",11.5931577490667,4.32413342692165,2.40257970064343,0.897469443512655
"Hod_sjostedti","MP",20.1477445083167,5.40143872681842,1.61004879264535,0.427469474763765
"Neo_sugioi","OP",4.3072522340983,2.22992423028337,0.458103201551019,0.239623083606025
"Odo_formosanus","CP",13.483334087716,5.32988293084557,3.30895341398063,1.31882131317467
"Zoo_nevadensis","OP",9.83406024196967,5.08959322051899,0.861689580382397,0.447508924385527
